Catégorie,Structure d'accompagnement et d'accueil,Code postal,Adresse,Complement d'adresse,Adresse mail,Téléphone,Site internet,Géolocalisation
Centre d'affaires,Delta Center,31300,"15, chemin de la Crabe",,c.murla@deltacenter.fr,05 61 15 88 05,,"43.610984,1.373846"
Centre d'affaires,Régus Jean Jaurès,31000,"78, allées Jean Jaurès,","Le Pré Catelan, Bâtiment F",,05 61 63 30 00,http://www.regus.fr/?pivcode=FR_FR_Brand_SM&se=google&gclid=CKfdt5LYrdQCFQgW0wodbaUKiw,"43.607949,1.452964"
Centre d'affaires,Centre d'affaires Les Méliades,31770,"14 B, chemin de La Chasse",,pepiniere.lesmeliades@gmail.com,09 50 49 74 13,https://www.lesmeliades31.fr/,"43.602345,1.3098480000000001"
Centre d'affaires,Baya Axess,31000,"1, rue des Pénitents Blancs",,toulouse@baya-axess.com,05 81 76 15 39,http://www.baya-axess.com/,"43.601653,1.449797"
Centre d'affaires,FSCP,31150,"9, chemin de Novital",,secretariat@fcsp-centreaffaires.fr,05 82 95 42 63,http://www.fcsp-centreaffaires.fr/fr/,"43.725116,1.384877"
Centre d'affaires,Burote,31500,"6, rue Maurice Hurel",,,05 61 36 13 62,http://www.burotel.fr/,"43.583901,1.494126"
Centre d'affaires,Insitu Business Center Toulouse,31300,"5, rue Marius Tercé",,contact@insitu-centre.com,05 34 60 50 50,,"43.607753,1.359156"
Centre d'affaires,Régus Route dEspagne,31100,"99, route d'Espagne,","Les Portes d'Espagne, Bâtiment B",,05 67 73 17 31,http://www.regus.fr/?pivcode=FR_FR_Brand_SM&se=google&gclid=CKfdt5LYrdQCFQgW0wodbaUKiw,"43.571768,1.424274"
Centre d'affaires,Toulouse BureauxServices,31200,"9 ter, avenue de Lyon",,contact@toulousebureauxservices.com,05 61 11 81 24,http://www.toulousebureauxservices.com/,"43.615397,1.4302839999999999"
Centre d'affaires,Insitu Business Center Blagnac,31700,"17, avenue Didier Daurat",,contact@insitu-centre.com,05 34 60 50 50,,"43.629807,1.3793549999999999"
Centre d'affaires,Régus Compans,31000,"8, esplanade Compans Caffarelli,",Immeuble Atria,,05 62 30 50 50,http://www.regus.fr/?pivcode=FR_FR_Brand_SM&se=google&gclid=CKfdt5LYrdQCFQgW0wodbaUKiw,"43.610612,1.434834"
Centre d'affaires,Régus Blagnac,31702,"7, avenue Didier Daurat",,,05 34 50 91 91,http://www.regus.fr/?pivcode=FR_FR_Brand_SM&se=google&gclid=CKfdt5LYrdQCFQgW0wodbaUKiw,
Centre d'affaires,Technocentre 3D,31300,"68, chemin de la Flambère",,contact@technocentre3d.fr,05 62 13 68 48,http://www.technocentre3d.fr/,"43.61286,1.392618"
Centre d'affaires,Kreski Center,31240,"6, impasse de Ratalens",,info@location-bureaux-toulouse.net,0811 38 26 22,,"43.650847,1.5135649999999998"
Centre d'affaires,Ixion,31300,"52, boulevard Gabriel Koenigs",,ixion@ixion.fr,05 62 13 13 62,,"43.595184,1.419584"
Centre d'affaires,Alsatis,31100,"11, rue Michel Labrousse",,romain.bucelle@alsatis.com,06 28 33 17 33,,"43.568331,1.38706"
Centre d'affaires,Les Bureaux de Tolosa,31700,"34, place de la Catalogne",,contact@les-bureaux-de-tolosa.fr,06 77 08 48 79,http://www.lbdt.fr/,"43.641117,1.380153"
